Precious Achiuwa,PF-C,TOT,74,6.6,1.3,7.6,2023-2024
Precious Achiuwa,C,TOR,25,5.4,1.8,7.7,2023-2024
Precious Achiuwa,PF,NYK,49,7.2,1.1,7.6,2023-2024
Bam Adebayo,C,MIA,71,10.4,3.9,19.3,2023-2024
Ochai Agbaji,SG,TOT,78,2.8,1.1,5.8,2023-2024
Ochai Agbaji,SG,UTA,51,2.5,0.9,5.4,2023-2024
Ochai Agbaji,SG,TOR,27,3.3,1.3,6.7,2023-2024
Santi Aldama,PF,MEM,61,5.8,2.3,10.7,2023-2024
Nickeil Alexander-Walker,SG,MIN,82,2.0,2.5,8.0,2023-2024
Grayson Allen,SG,PHO,75,3.9,3.0,13.5,2023-2024
Jarrett Allen,C,CLE,77,10.5,2.7,16.5,2023-2024
Timmy Allen,SF,MEM,5,3.4,1.0,2.6,2023-2024
Jose Alvarado,PG,NOP,56,2.3,2.1,7.1,2023-2024
Kyle Anderson,PF,MIN,79,3.5,4.2,6.4,2023-2024
Giannis Antetokounmpo,PF,MIL,73,11.5,6.5,30.4,2023-2024
Thanasis Antetokounmpo,PF,MIL,34,0.4,0.5,0.9,2023-2024
Cole Anthony,PG,ORL,81,3.8,2.9,11.6,2023-2024
OG Anunoby,SF,TOT,50,4.2,2.1,14.7,2023-2024
OG Anunoby,SF,TOR,27,3.9,2.7,15.1,2023-2024
OG Anunoby,SF,NYK,23,4.4,1.5,14.1,2023-2024
Ryan Arcidiacono,PG,NYK,20,0.4,0.2,0.0,2023-2024
Deni Avdija,SF,WAS,75,7.2,3.8,14.7,2023-2024
Deandre Ayton,C,POR,55,11.1,1.6,16.7,2023-2024
Udoka Azubuike,C,PHO,16,2.0,0.2,2.2,2023-2024
Ibou Badji,C,POR,22,2.3,0.6,1.5,2023-2024
Marvin Bagley III,C,TOT,50,6.2,1.1,11.7,2023-2024
Marvin Bagley III,C,DET,26,4.5,1.0,10.2,2023-2024
Marvin Bagley III,C,WAS,24,8.1,1.2,13.3,2023-2024
Amari Bailey,PG,CHO,10,0.9,0.7,2.3,2023-2024
Patrick Baldwin Jr.,SF,WAS,38,3.2,0.8,4.4,2023-2024
LaMelo Ball,PG,CHO,22,5.1,8.0,23.9,2023-2024
Mo Bamba,C,PHI,57,4.2,0.7,4.4,2023-2024
Paolo Banchero,PF,ORL,80,6.9,5.4,22.6,2023-2024
Desmond Bane,SG,MEM,42,4.4,5.5,23.7,2023-2024
Dalano Banton,PG,TOT,54,3.3,2.4,10.3,2023-2024
Dalano Banton,PG,BOS,24,1.5,0.8,2.3,2023-2024
Dalano Banton,PG,POR,30,4.8,3.6,16.7,2023-2024
Dominick Barlow,PF,SAS,33,3.4,1.1,4.4,2023-2024
Harrison Barnes,PF,SAC,82,3.0,1.2,12.2,2023-2024
Scottie Barnes,SG,TOR,60,8.2,6.1,19.9,2023-2024
RJ Barrett,SG,TOT,58,5.4,3.3,20.2,2023-2024
RJ Barrett,SG,NYK,26,4.3,2.4,18.2,2023-2024
RJ Barrett,SG,TOR,32,6.4,4.1,21.8,2023-2024
Charles Bassey,C,SAS,19,4.0,1.1,3.3,2023-2024
Emoni Bates,SF,CLE,15,0.9,0.7,2.7,2023-2024
Keita Bates-Diop,SF,TOT,53,2.1,0.7,3.7,2023-2024
Keita Bates-Diop,SF,PHO,39,2.6,0.9,4.5,2023-2024
Keita Bates-Diop,SF,BRK,14,0.6,0.3,1.6,2023-2024
Nicolas Batum,PF,TOT,60,4.1,2.1,5.3,2023-2024
Nicolas Batum,PF,LAC,3,2.3,1.7,2.7,2023-2024
Nicolas Batum,PF,PHI,57,4.2,2.2,5.5,2023-2024
Darius Bazley,PF,TOT,9,3.1,0.8,5.3,2023-2024
Darius Bazley,PF,PHI,3,0.3,0.7,0.0,2023-2024
Darius Bazley,PF,UTA,6,4.5,0.8,8.0,2023-2024
Bradley Beal,SG,PHO,53,4.4,5.0,18.2,2023-2024
Malik Beasley,SG,MIL,79,3.7,1.4,11.3,2023-2024
MarJon Beauchamp,SF,MIL,48,2.1,0.6,4.4,2023-2024
Jules Bernard,SG,WAS,19,1.4,0.8,3.9,2023-2024
Dāvis Bertāns,PF,TOT,43,1.4,0.8,6.7,2023-2024
Dāvis Bertāns,PF,OKC,15,0.7,0.6,2.9,2023-2024
Dāvis Bertāns,PF,CHO,28,1.8,0.9,8.8,2023-2024
Patrick Beverley,PG,TOT,73,3.3,2.9,6.2,2023-2024
Patrick Beverley,PG,PHI,47,3.1,3.1,6.3,2023-2024
Patrick Beverley,PG,MIL,26,3.6,2.6,6.0,2023-2024
Saddiq Bey,SF,ATL,63,6.5,1.5,13.7,2023-2024
Goga Bitadze,C,ORL,62,4.6,1.3,5.0,2023-2024
Onuralp Bitim,SG,CHI,23,1.4,0.6,3.5,2023-2024
Bismack Biyombo,C,TOT,40,5.2,1.3,4.4,2023-2024
Bismack Biyombo,C,MEM,30,6.4,1.7,5.2,2023-2024
Bismack Biyombo,C,OKC,10,1.8,0.2,1.8,2023-2024
Anthony Black,PG,ORL,69,2.0,1.3,4.6,2023-2024
Leaky Black,SF,CHO,26,1.8,0.9,2.7,2023-2024
Buddy Boeheim,SF,DET,10,1.0,0.3,3.4,2023-2024
Bogdan Bogdanović,SG,ATL,79,3.4,3.1,16.9,2023-2024
Bojan Bogdanović,SF-PF,TOT,57,2.7,1.7,15.2,2023-2024
Bojan Bogdanović,PF,DET,28,3.4,2.5,20.2,2023-2024
Bojan Bogdanović,SF,NYK,29,2.0,0.9,10.4,2023-2024
Bol Bol,PF,PHO,43,3.2,0.4,5.2,2023-2024
Marques Bolden,C,TOT,11,3.1,0.4,3.4,2023-2024
Marques Bolden,C,MIL,2,1.0,0.0,0.0,2023-2024
Marques Bolden,C,CHO,9,3.6,0.4,4.1,2023-2024
Devin Booker,PG,PHO,68,4.5,6.9,27.1,2023-2024
Brandon Boston Jr.,SF,LAC,32,1.6,0.4,5.2,2023-2024
Chris Boucher,PF,TOR,50,4.1,0.5,6.4,2023-2024
James Bouknight,SG,CHO,14,0.6,0.4,3.6,2023-2024
Jamaree Bouyea,PG,TOT,9,2.1,1.2,2.3,2023-2024
Jamaree Bouyea,PG,POR,6,1.7,1.3,1.7,2023-2024
Jamaree Bouyea,PG,SAS,3,3.0,1.0,3.7,2023-2024
Malaki Branham,PG,SAS,75,2.0,2.1,9.2,2023-2024
Christian Braun,SG,DEN,82,3.7,1.6,7.3,2023-2024
Mikal Bridges,SF,BRK,82,4.5,3.6,19.6,2023-2024
Miles Bridges,SF,CHO,69,7.3,3.3,21.0,2023-2024
Oshae Brissett,SF,BOS,55,2.9,0.8,3.7,2023-2024
Izaiah Brockington,PG,NOP,1,2.0,0.0,4.0,2023-2024
Malcolm Brogdon,PG,POR,39,3.8,5.5,15.7,2023-2024
Armoni Brooks,PG,BRK,10,1.8,0.5,4.2,2023-2024
Dillon Brooks,SF,HOU,72,3.4,1.7,12.7,2023-2024
Bruce Brown,PG-SG,TOT,67,4.2,2.9,10.8,2023-2024
Bruce Brown,SG,IND,33,4.7,3.0,12.1,2023-2024
Bruce Brown,PG,TOR,34,3.8,2.7,9.6,2023-2024
Charlie Brown Jr.,SG,NYK,8,0.3,0.0,0.8,2023-2024
Greg Brown III,PF,DAL,6,1.5,0.7,2.5,2023-2024
Jaylen Brown,SF,BOS,70,5.5,3.6,23.0,2023-2024
Kendall Brown,SG,IND,15,0.3,0.3,1.4,2023-2024
Kobe Brown,PF,LAC,44,1.4,0.6,2.0,2023-2024
Moses Brown,C,POR,22,3.9,0.3,3.4,2023-2024
Troy Brown Jr.,SF,TOT,59,2.4,1.0,4.2,2023-2024
Troy Brown Jr.,SF,MIN,37,1.9,0.9,4.2,2023-2024
Troy Brown Jr.,SF,DET,22,3.3,1.1,4.2,2023-2024
Jalen Brunson,PG,NYK,77,3.6,6.7,28.7,2023-2024
Thomas Bryant,C,MIA,38,3.7,0.6,5.7,2023-2024
Kobe Bufkin,SG,ATL,17,1.9,1.6,4.8,2023-2024
Reggie Bullock,SF,HOU,44,1.7,0.3,2.2,2023-2024
Alec Burks,SG,TOT,66,2.3,1.3,10.4,2023-2024
Alec Burks,SG,DET,43,2.6,1.6,12.6,2023-2024
Alec Burks,SG,NYK,23,1.7,0.9,6.5,2023-2024
Jared Butler,SG,WAS,40,1.5,3.2,6.3,2023-2024
Jimmy Butler,PF,MIA,60,5.3,5.0,20.8,2023-2024
Jamal Cain,PF,MIA,26,1.4,0.4,3.7,2023-2024
Kentavious Caldwell-Pope,SG,DEN,76,2.4,2.4,10.1,2023-2024
Toumani Camara,PF,POR,70,4.9,1.2,7.5,2023-2024
Clint Capela,C,ATL,73,10.6,1.2,11.5,2023-2024
Jevon Carter,PG,CHI,72,0.8,1.3,5.0,2023-2024
Wendell Carter Jr.,C,ORL,55,6.9,1.7,11.0,2023-2024
D.J. Carton,SG,TOR,4,1.0,0.8,2.8,2023-2024
Alex Caruso,SG,CHI,71,3.8,3.5,10.1,2023-2024
Colin Castleton,C,LAL,16,0.8,0.2,1.5,2023-2024
Malcolm Cazalon,SG,DET,1,0.0,0.0,0.0,2023-2024
Julian Champagnie,SF,SAS,74,2.8,1.4,6.8,2023-2024
Justin Champagnie,SF,WAS,15,3.5,1.3,5.9,2023-2024
Max Christie,SG,LAL,67,2.1,0.9,4.2,2023-2024
Sidy Cissoko,SF,SAS,12,1.8,0.8,3.8,2023-2024
Brandon Clarke,PF,MEM,6,5.3,1.5,11.3,2023-2024
Jordan Clarkson,SG,UTA,55,3.4,5.0,17.1,2023-2024
Nic Claxton,C,BRK,71,9.9,2.1,11.8,2023-2024
Noah Clowney,PF,BRK,23,3.5,0.8,5.8,2023-2024
Amir Coffey,SF,LAC,70,2.1,1.1,6.6,2023-2024
John Collins,PF,UTA,68,8.5,1.1,15.1,2023-2024
Zach Collins,C,SAS,69,5.4,2.8,11.2,2023-2024
Mike Conley,PG,MIN,76,2.9,5.9,11.4,2023-2024
Pat Connaughton,SF,MIL,76,3.1,2.1,5.6,2023-2024
Bilal Coulibaly,SF,WAS,63,4.1,1.7,8.4,2023-2024
Ricky Council IV,SG,PHI,32,1.4,0.5,5.4,2023-2024
Robert Covington,SF-PF,TOT,29,3.3,0.8,4.4,2023-2024
Robert Covington,PF,LAC,3,2.7,2.3,3.0,2023-2024
Robert Covington,SF,PHI,26,3.4,0.7,4.5,2023-2024
Torrey Craig,SF,CHI,53,4.1,1.1,5.7,2023-2024
Jae Crowder,PF,MIL,50,3.2,1.3,6.2,2023-2024
Jalen Crutcher,PG,NOP,1,0.0,0.0,0.0,2023-2024
Cade Cunningham,PG,DET,62,4.3,7.5,22.7,2023-2024
Seth Curry,SG,TOT,44,1.5,1.0,5.1,2023-2024
Seth Curry,SG,DAL,36,1.4,0.8,4.3,2023-2024
Seth Curry,SG,CHO,8,2.0,1.8,9.0,2023-2024
Stephen Curry,PG,GSW,74,4.5,5.1,26.4,2023-2024
Dyson Daniels,PG,NOP,61,3.9,2.7,5.8,2023-2024
Anthony Davis,C,LAL,76,12.6,3.5,24.7,2023-2024
Johnny Davis,SG,WAS,50,1.4,0.6,3.0,2023-2024
JD Davison,SG,BOS,8,1.3,1.3,2.0,2023-2024
Dexter Dennis,SG,DAL,4,2.3,1.0,5.5,2023-2024
DeMar DeRozan,SF,CHI,79,4.3,5.3,24.0,2023-2024
Moussa Diabaté,C,LAC,11,2.2,0.4,2.6,2023-2024
Mamadi Diakite,PF,TOT,6,0.7,0.3,2.0,2023-2024
Mamadi Diakite,PF,SAS,3,1.0,0.7,4.0,2023-2024
Mamadi Diakite,PF,NYK,3,0.3,0.0,0.0,2023-2024
Hamidou Diallo,SG,WAS,2,1.0,0.5,1.0,2023-2024
Gradey Dick,SG,TOR,60,2.2,1.1,8.5,2023-2024
Ousmane Dieng,PF,OKC,33,1.5,1.1,4.0,2023-2024
Spencer Dinwiddie,PG,TOT,76,2.7,4.7,10.5,2023-2024
Spencer Dinwiddie,PG,BRK,48,3.3,6.0,12.6,2023-2024
Spencer Dinwiddie,PG,LAL,28,1.7,2.4,6.8,2023-2024
Donte DiVincenzo,SG,NYK,81,3.7,2.7,15.5,2023-2024
Luka Dončić,PG,DAL,70,9.2,9.8,33.9,2023-2024
Luguentz Dort,SF,OKC,79,3.6,1.4,10.9,2023-2024
Ayo Dosunmu,SG,CHI,76,2.8,3.2,12.2,2023-2024
Jeff Dowtin,PG,PHI,12,1.7,2.3,4.3,2023-2024
Henri Drell,SF,CHI,4,1.0,1.0,2.8,2023-2024
Andre Drummond,C,CHI,79,9.0,0.5,8.4,2023-2024
Chris Duarte,SF,SAC,59,1.8,0.7,3.9,2023-2024
David Duke Jr.,SG,SAS,4,2.5,1.3,6.5,2023-2024
Kris Dunn,PG,UTA,66,2.9,3.8,5.4,2023-2024
Kevin Durant,PF,PHO,75,6.6,5.0,27.1,2023-2024
Jalen Duren,C,DET,61,11.6,2.4,13.8,2023-2024
Tari Eason,PF,HOU,22,7.0,1.2,9.8,2023-2024
Anthony Edwards,SG,MIN,79,5.4,5.1,25.9,2023-2024
Kessler Edwards,SF,SAC,54,0.8,0.3,1.7,2023-2024
Keon Ellis,SG,SAC,57,2.2,1.5,5.4,2023-2024
Joel Embiid,C,PHI,39,11.0,5.6,34.7,2023-2024
Drew Eubanks,C,PHO,75,4.3,0.8,5.1,2023-2024
Tosan Evbuomwan,SF,TOT,17,3.5,0.9,5.9,2023-2024
Tosan Evbuomwan,SF,MEM,4,3.5,1.5,2.5,2023-2024
Tosan Evbuomwan,SF,DET,13,3.5,0.8,7.0,2023-2024
Dante Exum,PG,DAL,55,2.7,2.9,7.8,2023-2024
Bruno Fernando,C,ATL,45,4.3,1.0,6.3,2023-2024
Dorian Finney-Smith,PF,BRK,68,4.7,1.6,8.5,2023-2024
Adam Flagler,SG,OKC,2,0.0,2.0,1.5,2023-2024
Malachi Flynn,PG,TOT,69,1.7,1.9,5.5,2023-2024
Malachi Flynn,PG,TOR,31,2.1,2.4,5.1,2023-2024
Malachi Flynn,PG,NYK,14,0.4,0.4,2.2,2023-2024
Malachi Flynn,PG,DET,24,1.8,2.1,8.0,2023-2024
Simone Fontecchio,SF,TOT,66,3.7,1.5,10.5,2023-2024
Simone Fontecchio,SF,UTA,50,3.5,1.5,8.9,2023-2024
Simone Fontecchio,SF,DET,16,4.4,1.8,15.4,2023-2024
Jordan Ford,PG,SAC,6,0.3,0.3,2.0,2023-2024
Trent Forrest,SG,ATL,38,1.3,2.4,2.2,2023-2024
Evan Fournier,SG,TOT,32,1.8,1.5,6.9,2023-2024
Evan Fournier,SG,NYK,3,1.3,1.0,4.0,2023-2024
Evan Fournier,SG,DET,29,1.9,1.6,7.2,2023-2024
De'Aaron Fox,PG,SAC,74,4.6,5.6,26.6,2023-2024
Javon Freeman-Liberty,PG,TOR,22,3.2,1.8,7.0,2023-2024
Alex Fudge,SF,TOT,6,0.8,0.0,2.5,2023-2024
Alex Fudge,SF,LAL,4,0.5,0.0,1.0,2023-2024
Alex Fudge,SF,DAL,2,1.5,0.0,5.5,2023-2024
Markelle Fultz,PG,ORL,43,3.2,2.8,7.8,2023-2024
Andrew Funk,SG,CHI,5,0.0,0.0,0.0,2023-2024
Wenyen Gabriel,PF,MEM,5,5.0,0.6,3.4,2023-2024
Daniel Gafford,C-PF,TOT,74,7.6,1.6,11.0,2023-2024
Daniel Gafford,C,WAS,45,8.0,1.5,10.9,2023-2024
Daniel Gafford,PF,DAL,29,6.9,1.6,11.2,2023-2024
Danilo Gallinari,PF-SF,TOT,49,2.2,1.1,5.7,2023-2024
Danilo Gallinari,PF,WAS,26,2.9,1.2,7.0,2023-2024
Danilo Gallinari,SF,DET,6,2.3,2.0,8.7,2023-2024
Danilo Gallinari,SF,MIL,17,1.1,0.7,2.8,2023-2024
Darius Garland,PG,CLE,57,2.7,6.5,18.0,2023-2024
Usman Garuba,PF,GSW,6,1.2,0.2,0.5,2023-2024
Luka Garza,C,MIN,25,1.2,0.2,4.0,2023-2024
Kaiser Gates,SF,NOP,1,1.0,0.0,0.0,2023-2024
Keyonte George,PG,UTA,75,2.8,4.4,13.0,2023-2024
Paul George,PF,LAC,74,5.2,3.5,22.6,2023-2024
Taj Gibson,PF,TOT,20,1.9,0.6,1.7,2023-2024
Taj Gibson,PF,NYK,16,1.8,0.6,1.0,2023-2024
Taj Gibson,PF,DET,4,2.3,0.5,4.5,2023-2024
Josh Giddey,SG,OKC,80,6.4,4.8,12.3,2023-2024
Harry Giles,C,TOT,23,1.3,0.3,2.4,2023-2024
Harry Giles,C,BRK,16,1.6,0.4,3.4,2023-2024
Harry Giles,C,LAL,7,0.6,0.0,0.3,2023-2024
Shai Gilgeous-Alexander,PG,OKC,75,5.5,6.2,30.1,2023-2024
Anthony Gill,PF,WAS,50,1.9,0.7,3.8,2023-2024
Collin Gillespie,PG,DEN,24,0.9,1.1,3.6,2023-2024
Jacob Gilyard,PG,TOT,41,1.1,3.3,4.2,2023-2024
Jacob Gilyard,PG,MEM,37,1.2,3.5,4.7,2023-2024
Jacob Gilyard,PG,BRK,4,0.8,1.5,0.0,2023-2024
Rudy Gobert,C,MIN,76,12.9,1.3,14.0,2023-2024
Jordan Goodwin,PG,TOT,57,4.4,2.7,6.5,2023-2024
Jordan Goodwin,PG,PHO,40,2.9,2.0,5.0,2023-2024
Jordan Goodwin,PG,MEM,17,8.0,4.5,10.0,2023-2024
Aaron Gordon,PF,DEN,73,6.5,3.5,13.9,2023-2024
Eric Gordon,SG,PHO,68,1.8,2.0,11.0,2023-2024
Devonte' Graham,PG,SAS,23,1.6,2.1,5.0,2023-2024
Jerami Grant,PF,POR,54,3.5,2.8,21.0,2023-2024
RaiQuan Gray,PF,SAS,3,2.3,2.0,7.7,2023-2024
A.J. Green,SG,MIL,56,1.1,0.5,4.5,2023-2024
Danny Green,SG,PHI,2,1.0,0.5,0.0,2023-2024
Draymond Green,PF,GSW,55,7.2,6.0,8.6,2023-2024
Jalen Green,SG,HOU,82,5.2,3.5,19.6,2023-2024
Javonte Green,SF,CHI,9,7.4,0.6,12.2,2023-2024
Jeff Green,PF,HOU,78,2.3,0.9,6.5,2023-2024
Josh Green,SG,DAL,57,3.2,2.3,8.2,2023-2024
AJ Griffin,SF,ATL,20,0.9,0.3,2.4,2023-2024
Quentin Grimes,SG,TOT,51,2.0,1.3,7.0,2023-2024
Quentin Grimes,SG,NYK,45,2.0,1.2,7.3,2023-2024
Quentin Grimes,SG,DET,6,2.0,2.3,5.3,2023-2024
Mouhamadou Gueye,PF,TOR,11,2.1,0.5,2.4,2023-2024
Mouhamed Gueye,PF,ATL,6,3.7,0.7,4.0,2023-2024
Rui Hachimura,PF,LAL,68,4.3,1.2,13.6,2023-2024
Ashton Hagans,PG,POR,19,2.4,2.8,4.2,2023-2024
Tyrese Haliburton,PG,IND,69,3.9,10.9,20.1,2023-2024
R.J. Hampton,PG,MIA,8,0.8,1.0,1.3,2023-2024
Tim Hardaway Jr.,SF,DAL,79,3.2,1.8,14.4,2023-2024
James Harden,PG,LAC,72,5.1,8.5,16.6,2023-2024
Jaden Hardy,SG,DAL,73,1.8,1.5,7.3,2023-2024
Ron Harper Jr.,PF,TOR,1,0.0,1.0,0.0,2023-2024
Gary Harris,SG,ORL,54,1.7,1.6,6.9,2023-2024
Joe Harris,SG,DET,16,0.8,0.6,2.4,2023-2024
Kevon Harris,SG,ORL,2,1.0,0.5,2.0,2023-2024
Tobias Harris,PF,PHI,70,6.5,3.1,17.2,2023-2024
Shaquille Harrison,SG,MEM,3,0.7,0.0,0.7,2023-2024
Josh Hart,SF,NYK,81,8.3,4.1,9.4,2023-2024
Isaiah Hartenstein,C,NYK,75,8.3,2.5,7.8,2023-2024
Sam Hauser,SF,BOS,79,3.5,1.0,9.0,2023-2024
Jordan Hawkins,SG,NOP,67,2.2,1.0,7.8,2023-2024
Jaxson Hayes,C,LAL,70,3.0,0.5,4.3,2023-2024
Killian Hayes,PG,DET,42,2.8,4.9,6.9,2023-2024
Gordon Hayward,SF,TOT,51,3.5,3.1,9.8,2023-2024
Gordon Hayward,SF,CHO,25,4.7,4.6,14.5,2023-2024
Gordon Hayward,SF,OKC,26,2.5,1.6,5.3,2023-2024
Scoot Henderson,PG,POR,62,3.1,5.4,14.0,2023-2024
Taylor Hendricks,PF,UTA,40,4.6,0.8,7.3,2023-2024
Tyler Herro,SG,MIA,42,5.3,4.5,20.8,2023-2024
Buddy Hield,SF-SG,TOT,84,3.2,2.8,12.1,2023-2024
Buddy Hield,SF,IND,52,3.2,2.7,12.0,2023-2024
Buddy Hield,SG,PHI,32,3.2,3.0,12.2,2023-2024
Haywood Highsmith,PF,MIA,66,3.2,1.1,6.1,2023-2024
Nate Hinton,SG,HOU,15,1.5,0.7,2.2,2023-2024
D'Moi Hodge,SG,LAL,7,0.0,0.7,2.0,2023-2024
Aaron Holiday,PG,HOU,78,1.6,1.8,6.6,2023-2024
Jrue Holiday,PG,BOS,69,5.4,4.8,12.5,2023-2024
Justin Holiday,SG,DEN,58,1.2,1.2,4.0,2023-2024
Richaun Holmes,C-PF,TOT,40,4.6,0.6,5.0,2023-2024
Richaun Holmes,C,DAL,23,3.4,0.7,3.4,2023-2024
Richaun Holmes,PF,WAS,17,6.1,0.6,7.1,2023-2024
Chet Holmgren,C,OKC,82,7.9,2.4,16.5,2023-2024
Jalen Hood-Schifino,SG,LAL,21,0.6,0.4,1.6,2023-2024
Al Horford,C,BOS,65,6.4,2.6,8.6,2023-2024
Talen Horton-Tucker,PG,UTA,51,2.4,3.5,10.1,2023-2024
Danuel House Jr.,SF,PHI,34,1.7,0.8,4.2,2023-2024
Caleb Houstan,SF,ORL,59,1.4,0.5,4.3,2023-2024
Jett Howard,SF,ORL,18,0.4,0.3,1.6,2023-2024
Kevin Huerter,SG,SAC,64,3.5,2.6,10.2,2023-2024
Jay Huff,C,DEN,20,0.6,0.1,1.2,2023-2024
De'Andre Hunter,SF,ATL,57,3.9,1.5,15.6,2023-2024
Matthew Hurt,PF,MEM,8,2.0,0.5,4.0,2023-2024
Bones Hyland,PG,LAC,37,1.5,2.5,6.9,2023-2024
Joe Ingles,SF,ORL,68,2.1,3.0,4.4,2023-2024
Brandon Ingram,SF,NOP,64,5.1,5.7,20.8,2023-2024
Kyrie Irving,SG,DAL,58,5.0,5.2,25.6,2023-2024
Jonathan Isaac,PF,ORL,58,4.5,0.5,6.8,2023-2024
Jaden Ivey,SG,DET,77,3.4,3.8,15.4,2023-2024
Andre Jackson Jr.,SG,MIL,57,2.0,0.9,2.2,2023-2024
GG Jackson II,PF,MEM,48,4.1,1.2,14.6,2023-2024
Isaiah Jackson,C,IND,59,4.0,0.8,6.5,2023-2024
Jaren Jackson Jr.,C,MEM,66,5.5,2.3,22.5,2023-2024
Justin Jackson,SF,MIN,2,0.0,0.0,0.0,2023-2024
Quenton Jackson,PG,IND,3,1.3,0.7,0.7,2023-2024
Reggie Jackson,PG,DEN,82,1.9,3.8,10.2,2023-2024
Trayce Jackson-Davis,PF,GSW,68,5.0,1.2,7.9,2023-2024
LeBron James,PF,LAL,71,7.3,8.3,25.7,2023-2024
Jaime Jaquez Jr.,SF,MIA,75,3.8,2.6,11.9,2023-2024
DeJon Jarreau,SG,MEM,9,4.9,2.9,4.8,2023-2024
DaQuan Jeffries,SG,NYK,17,0.3,0.3,0.8,2023-2024
Trey Jemison,C,TOT,25,5.4,1.1,6.8,2023-2024
Trey Jemison,C,WAS,2,0.5,0.0,0.0,2023-2024
Trey Jemison,C,MEM,23,5.8,1.2,7.4,2023-2024
Ty Jerome,SG,CLE,2,0.5,1.5,2.0,2023-2024
Isaiah Joe,SG,OKC,78,2.3,1.3,8.2,2023-2024
Cameron Johnson,PF,BRK,58,4.3,2.4,13.4,2023-2024
Jalen Johnson,SF,ATL,56,8.7,3.6,16.0,2023-2024
James Johnson,PF,IND,9,0.4,0.9,0.9,2023-2024
Keldon Johnson,SF,SAS,69,5.5,2.8,15.7,2023-2024
Keon Johnson,SG,BRK,5,1.4,0.6,6.2,2023-2024
Keyontae Johnson,SF,OKC,9,1.1,0.4,1.2,2023-2024
Nikola Jokić,C,DEN,79,12.4,9.0,26.4,2023-2024
Colby Jones,SG,SAC,30,1.3,0.7,2.1,2023-2024
Damian Jones,C,CLE,39,1.6,0.4,2.7,2023-2024
Derrick Jones Jr.,SF,DAL,76,3.3,1.0,8.6,2023-2024
Herbert Jones,SF,NOP,76,3.6,2.6,11.0,2023-2024
Mason Jones,SG,SAC,5,1.0,1.0,1.4,2023-2024
Tre Jones,PG,SAS,77,3.8,6.2,10.0,2023-2024
Tyus Jones,PG,WAS,66,2.7,7.3,12.0,2023-2024
DeAndre Jordan,C,DEN,36,4.4,0.7,3.9,2023-2024
Cory Joseph,PG,GSW,26,1.2,1.6,2.4,2023-2024
Nikola Jović,PF,MIA,46,4.2,2.0,7.7,2023-2024
Johnny Juzang,SG,UTA,20,1.8,1.2,7.2,2023-2024
Luke Kennard,SG,MEM,39,2.9,3.5,11.0,2023-2024
Walker Kessler,C,UTA,64,7.5,0.9,8.1,2023-2024
Braxton Key,SF,DEN,20,0.9,0.5,1.1,2023-2024
Corey Kispert,SF,WAS,80,2.8,2.0,13.4,2023-2024
Maxi Kleber,C,DAL,43,3.3,1.6,4.4,2023-2024
Kevin Knox,SF,DET,31,2.4,0.7,7.2,2023-2024
John Konchar,SF,MEM,55,4.7,2.0,4.3,2023-2024
Furkan Korkmaz,SG,PHI,35,0.9,0.7,2.5,2023-2024
Luke Kornet,C,BOS,63,4.1,1.1,5.3,2023-2024
Vit Krejci,PG,ATL,22,2.4,2.3,6.1,2023-2024
Jonathan Kuminga,PF,GSW,74,4.8,2.2,16.1,2023-2024
Kyle Kuzma,PF,WAS,70,6.6,4.2,22.2,2023-2024
Jock Landale,C,HOU,56,3.1,1.2,4.9,2023-2024
Jake LaRavia,PF,MEM,35,3.7,1.7,10.8,2023-2024
Zach LaVine,SG,CHI,25,5.2,3.9,19.5,2023-2024
A.J. Lawson,SG,DAL,42,1.2,0.5,3.2,2023-2024
Saben Lee,PG,PHO,24,1.3,1.3,3.0,2023-2024
Alex Len,C,SAC,48,2.7,1.0,2.5,2023-2024
Kawhi Leonard,SF,LAC,68,6.1,3.6,23.7,2023-2024
Caris LeVert,SG,CLE,68,4.1,5.1,14.0,2023-2024
Kira Lewis Jr.,PG,TOT,28,0.9,1.3,3.2,2023-2024
Kira Lewis Jr.,PG,NOP,15,0.9,1.2,2.9,2023-2024
Kira Lewis Jr.,PG,TOR,1,0.0,0.0,0.0,2023-2024
Kira Lewis Jr.,PG,UTA,12,1.0,1.6,3.8,2023-2024
Maxwell Lewis,SF,LAL,34,0.1,0.2,0.3,2023-2024
E.J. Liddell,PF,NOP,8,0.6,0.1,0.5,2023-2024
Damian Lillard,PG,MIL,73,4.4,7.0,24.3,2023-2024
Nassir Little,SF,PHO,45,1.7,0.5,3.4,2023-2024
Dereck Lively II,C,DAL,55,6.9,1.1,8.8,2023-2024
Isaiah Livers,PF,DET,23,2.1,1.1,5.0,2023-2024
Chris Livingston,SF,MIL,21,1.0,0.2,1.2,2023-2024
Kenneth Lofton Jr.,PF,TOT,21,1.8,1.6,4.6,2023-2024
Kenneth Lofton Jr.,PF,MEM,15,1.0,0.9,2.6,2023-2024
Kenneth Lofton Jr.,PF,PHI,2,1.5,0.0,1.0,2023-2024
Kenneth Lofton Jr.,PF,UTA,4,5.0,4.8,13.8,2023-2024
Kevon Looney,C,GSW,74,5.7,1.8,4.5,2023-2024
Brook Lopez,C,MIL,79,5.2,1.6,12.5,2023-2024
Robin Lopez,C,MIL,16,0.3,0.3,1.1,2023-2024
Kevin Love,PF,MIA,55,6.1,2.1,8.8,2023-2024
Kyle Lowry,PG,TOT,60,3.2,4.2,8.1,2023-2024
Kyle Lowry,PG,MIA,37,3.5,4.0,8.2,2023-2024
Kyle Lowry,PG,PHI,23,2.8,4.6,8.0,2023-2024
Seth Lundy,SF,ATL,9,0.8,0.0,1.6,2023-2024
Trey Lyles,PF,SAC,58,4.4,1.2,7.2,2023-2024
Théo Maledon,PG,TOT,17,1.4,1.6,3.5,2023-2024
Théo Maledon,PG,CHO,13,1.8,2.2,4.2,2023-2024
Théo Maledon,PG,PHO,4,0.3,0.0,1.3,2023-2024
Sandro Mamukelashvili,C,SAS,46,3.2,1.1,4.1,2023-2024
Terance Mann,SG,LAC,75,3.4,1.6,8.8,2023-2024
Tre Mann,PG,TOT,41,3.6,4.0,9.3,2023-2024
Tre Mann,PG,OKC,13,1.8,1.5,3.8,2023-2024
Tre Mann,PG,CHO,28,4.5,5.2,11.9,2023-2024
Boban Marjanović,C,HOU,14,2.3,0.4,3.2,2023-2024
Lauri Markkanen,PF,UTA,55,8.2,2.0,23.2,2023-2024
Naji Marshall,SF,NOP,66,3.6,1.9,7.1,2023-2024
Caleb Martin,SF,MIA,64,4.4,2.2,10.0,2023-2024
Cody Martin,SF,CHO,28,3.9,3.7,7.5,2023-2024
KJ Martin,SF,TOT,60,2.2,0.9,3.7,2023-2024
KJ Martin,SF,LAC,2,1.5,0.5,5.0,2023-2024
KJ Martin,SF,PHI,58,2.2,0.9,3.7,2023-2024
Garrison Mathews,SG,ATL,66,1.4,0.6,4.9,2023-2024
Bennedict Mathurin,SF,IND,59,4.0,2.0,14.5,2023-2024
Wesley Matthews,SG,ATL,36,1.5,0.6,3.1,2023-2024
Tyrese Maxey,PG,PHI,70,3.7,6.2,25.9,2023-2024
Skylar Mays,PG-SG,TOT,38,1.1,2.2,4.1,2023-2024
Skylar Mays,PG,POR,21,1.8,3.6,6.3,2023-2024
Skylar Mays,SG,LAL,17,0.4,0.6,1.3,2023-2024
Miles McBride,PG,NYK,68,1.5,1.7,8.3,2023-2024
CJ McCollum,PG,NOP,66,4.3,4.6,20.0,2023-2024
T.J. McConnell,PG,IND,71,2.7,5.5,10.2,2023-2024
Jaden McDaniels,SF,MIN,72,3.1,1.4,10.5,2023-2024
Jalen McDaniels,SF,TOR,50,1.6,0.7,3.4,2023-2024
Doug McDermott,SF,TOT,64,0.9,1.1,5.5,2023-2024
Doug McDermott,SF,SAS,46,1.0,1.2,6.0,2023-2024
Doug McDermott,SF,IND,18,0.6,0.7,4.2,2023-2024
JaVale McGee,C,SAC,46,2.7,0.4,4.0,2023-2024
Bryce McGowens,SG,CHO,59,1.7,0.9,5.1,2023-2024
Jordan McLaughlin,PG,MIN,56,1.3,2.0,3.5,2023-2024
De'Anthony Melton,SG,PHI,38,3.7,3.0,11.1,2023-2024
Nathan Mensah,C,CHO,25,2.6,0.4,1.3,2023-2024
Sam Merrill,SG,CLE,61,2.0,1.8,8.0,2023-2024
Chimezie Metu,C,TOT,51,3.8,0.9,6.5,2023-2024
Chimezie Metu,C,PHO,37,3.0,0.5,5.0,2023-2024
Chimezie Metu,C,DET,14,6.0,1.9,10.5,2023-2024
Vasilije Micić,PG,TOT,60,1.5,4.4,7.0,2023-2024
Vasilije Micić,PG,OKC,30,0.8,2.5,3.3,2023-2024
Vasilije Micić,PG,CHO,30,2.1,6.2,10.8,2023-2024
Khris Middleton,SF,MIL,55,4.7,5.3,15.1,2023-2024
Brandon Miller,SF,CHO,74,4.3,2.4,17.3,2023-2024
Jordan Miller,SF,LAC,8,0.6,0.0,1.6,2023-2024
Leonard Miller,SF,MIN,17,1.2,0.5,1.7,2023-2024
Dariq Whitehead,SF,BRK,2,2.0,1.5,1.5,2023-2024
Patty Mills,PG,TOT,32,1.1,1.1,4.0,2023-2024
Patty Mills,PG,ATL,19,1.1,0.7,2.7,2023-2024
Patty Mills,PG,MIA,13,1.2,1.5,5.8,2023-2024
Shake Milton,SG,TOT,48,1.6,1.3,4.5,2023-2024
Shake Milton,SG,MIN,38,1.3,1.3,4.7,2023-2024
Shake Milton,SG,DET,4,4.5,1.5,6.8,2023-2024
Shake Milton,SG,NYK,6,1.0,0.7,1.8,2023-2024
Justin Minaya,SF,POR,34,1.6,0.6,1.8,2023-2024
Josh Minott,SF,MIN,32,0.5,0.3,1.6,2023-2024
Davion Mitchell,PG,SAC,72,1.3,1.9,5.3,2023-2024
Donovan Mitchell,SG,CLE,55,5.1,6.1,26.6,2023-2024
Evan Mobley,PF,CLE,50,9.4,3.2,15.7,2023-2024
Isaiah Mobley,PF,CLE,10,1.0,0.6,2.3,2023-2024
Malik Monk,SG,SAC,72,2.9,5.1,15.4,2023-2024
Moses Moody,SG,GSW,66,3.0,0.9,8.1,2023-2024
Xavier Moon,SG,LAC,14,1.3,1.5,2.4,2023-2024
Taze Moore,SG,POR,4,2.0,1.3,4.5,2023-2024
Wendell Moore Jr.,SG,MIN,25,0.5,0.2,0.7,2023-2024
Ja Morant,PG,MEM,9,5.6,8.1,25.1,2023-2024
Marcus Morris,PF,TOT,49,2.7,0.7,6.4,2023-2024
Marcus Morris,PF,PHI,37,2.9,0.7,6.7,2023-2024
Marcus Morris,PF,CLE,12,2.1,0.8,5.8,2023-2024
Markieff Morris,PF,DAL,26,1.5,0.6,2.5,2023-2024
Monte Morris,PG,TOT,33,1.7,2.1,5.0,2023-2024
Monte Morris,PG,DET,6,2.0,1.3,4.5,2023-2024
Monte Morris,PG,MIN,27,1.7,2.3,5.1,2023-2024
Trey Murphy III,SF,NOP,57,4.9,2.2,14.8,2023-2024
Dejounte Murray,SG,ATL,78,5.3,6.4,22.5,2023-2024
Jamal Murray,PG,DEN,59,4.1,6.5,21.2,2023-2024
Keegan Murray,SF,SAC,77,5.5,1.7,15.2,2023-2024
Kris Murray,SF,POR,62,3.6,1.3,6.1,2023-2024
Mike Muscala,C,TOT,53,2.4,0.7,3.0,2023-2024
Mike Muscala,C,WAS,24,3.1,0.9,4.0,2023-2024
Mike Muscala,C,DET,13,2.2,0.8,3.5,2023-2024
Mike Muscala,C,OKC,16,1.3,0.3,1.1,2023-2024
Svi Mykhailiuk,SF,BOS,41,1.2,0.9,4.0,2023-2024
Larry Nance Jr.,C,NOP,61,5.0,1.9,5.7,2023-2024
Pete Nance,PF,CLE,8,0.4,0.0,0.4,2023-2024
Andrew Nembhard,PG,IND,68,2.1,4.1,9.2,2023-2024
Aaron Nesmith,SF,IND,72,3.8,1.5,12.2,2023-2024
Georges Niang,PF,CLE,82,3.4,1.2,9.4,2023-2024
Daishen Nix,PG,MIN,15,0.2,0.4,1.8,2023-2024
Zeke Nnaji,PF,DEN,58,2.2,0.6,3.2,2023-2024
Jaylen Nowell,SG,TOT,13,1.8,1.5,6.2,2023-2024
Jaylen Nowell,SG,MEM,9,1.6,1.8,5.7,2023-2024
Jaylen Nowell,SG,DET,4,2.5,0.8,7.5,2023-2024
Markquis Nowell,SG,TOR,1,2.0,2.0,2.0,2023-2024
Frank Ntilikina,PG,CHO,5,1.2,0.8,1.0,2023-2024
Jusuf Nurkić,C,PHO,76,11.0,4.0,10.9,2023-2024
Jordan Nwora,SF,TOT,52,2.9,1.2,7.0,2023-2024
Jordan Nwora,SF,IND,18,1.8,1.0,5.2,2023-2024
Jordan Nwora,SF,TOR,34,3.4,1.3,7.9,2023-2024
Royce O'Neale,SF,TOT,79,4.8,2.8,7.7,2023-2024
Royce O'Neale,SF,BRK,49,4.5,2.8,7.4,2023-2024
Royce O'Neale,SF,PHO,30,5.2,2.7,8.1,2023-2024
Chuma Okeke,SF,ORL,47,1.7,0.4,2.3,2023-2024
Josh Okogie,SG,PHO,60,2.6,1.1,4.6,2023-2024
Onyeka Okongwu,C,ATL,55,6.8,1.3,10.2,2023-2024
Isaac Okoro,SF,CLE,69,3.0,1.9,9.4,2023-2024
Kelly Olynyk,C,TOT,78,5.3,4.4,9.8,2023-2024
Kelly Olynyk,C,UTA,50,5.1,4.4,8.1,2023-2024
Kelly Olynyk,C,TOR,28,5.6,4.6,12.7,2023-2024
Eugene Omoruyi,SF,WAS,43,2.0,0.8,4.8,2023-2024
Cedi Osman,SF,SAS,72,2.5,1.7,6.8,2023-2024
Kelly Oubre Jr.,SF,PHI,68,5.0,1.5,15.4,2023-2024
Chris Paul,PG,GSW,58,3.9,6.8,9.2,2023-2024
Cameron Payne,PG,TOT,78,1.5,2.6,7.4,2023-2024
Cameron Payne,PG,MIL,47,1.3,2.3,6.2,2023-2024
Cameron Payne,PG,PHI,31,1.8,3.1,9.3,2023-2024
Gary Payton II,SG,GSW,44,2.6,1.1,5.5,2023-2024
Mãozinha Pereira,SF,MEM,7,5.3,0.3,6.9,2023-2024
Drew Peterson,PF,BOS,3,0.3,0.3,3.7,2023-2024
Filip Petrušev,C,TOT,3,0.3,0.0,1.0,2023-2024
Filip Petrušev,C,PHI,1,1.0,0.0,0.0,2023-2024
Filip Petrušev,C,SAC,2,0.0,0.0,1.5,2023-2024
Julian Phillips,SF,CHI,40,0.9,0.3,2.2,2023-2024
Jalen Pickett,SG,DEN,27,0.5,0.8,1.6,2023-2024
Scotty Pippen Jr.,PG,MEM,21,3.2,4.7,12.9,2023-2024
Mason Plumlee,C,LAC,46,5.1,1.2,5.3,2023-2024
Brandin Podziemski,SG,GSW,74,5.8,3.7,9.2,2023-2024
Jakob Poeltl,C,TOR,50,8.6,2.5,11.1,2023-2024
Aleksej Pokusevski,PF,TOT,28,3.2,1.3,5.2,2023-2024
Aleksej Pokusevski,PF,OKC,10,1.0,0.5,1.2,2023-2024
Aleksej Pokusevski,PF,CHO,18,4.4,1.7,7.4,2023-2024
Jordan Poole,SG,WAS,78,2.7,4.4,17.4,2023-2024
Craig Porter Jr.,PG,CLE,51,2.1,2.3,5.6,2023-2024
Jontay Porter,PF,TOR,26,3.2,2.3,4.4,2023-2024
Michael Porter Jr.,SF,DEN,81,7.0,1.5,16.7,2023-2024
Otto Porter Jr.,SF,TOR,15,1.9,0.5,2.6,2023-2024
Bobby Portis,PF,MIL,82,7.4,1.3,13.8,2023-2024
Kristaps Porziņģis,C,BOS,57,7.2,2.0,20.1,2023-2024
Micah Potter,PF,UTA,16,2.7,0.4,3.3,2023-2024
Dwight Powell,C,DAL,63,3.4,1.3,3.3,2023-2024
Norman Powell,SG,LAC,76,2.6,1.1,13.9,2023-2024
Jason Preston,PG,UTA,7,2.4,2.3,1.7,2023-2024
Joshua Primo,SG,LAC,2,0.5,0.0,1.0,2023-2024
Taurean Prince,PF,LAL,78,2.9,1.5,8.9,2023-2024
Payton Pritchard,PG,BOS,82,3.2,3.4,9.6,2023-2024
Olivier-Maxence Prosper,PF,DAL,40,2.0,0.6,3.0,2023-2024
Trevelin Queen,SG,ORL,14,1.4,1.3,2.9,2023-2024
Neemias Queta,C,BOS,28,4.4,0.7,5.5,2023-2024
Immanuel Quickley,PG-SG,TOT,68,3.8,4.9,17.0,2023-2024
Immanuel Quickley,SG,NYK,30,2.6,2.5,15.0,2023-2024
Immanuel Quickley,PG,TOR,38,4.8,6.8,18.6,2023-2024
Lester Quinones,SG,GSW,37,1.9,1.0,4.4,2023-2024
Jahmi'us Ramsey,SG,TOR,7,3.1,1.1,6.7,2023-2024
Julius Randle,PF,NYK,46,9.2,5.0,24.0,2023-2024
Duop Reath,C,POR,68,3.7,1.0,9.1,2023-2024
Austin Reaves,SG,LAL,82,4.3,5.5,15.9,2023-2024
Cam Reddish,SF,LAL,48,2.1,1.0,5.4,2023-2024
Paul Reed,C,PHI,82,6.0,1.3,7.3,2023-2024
Naz Reid,C,MIN,81,5.2,1.3,13.5,2023-2024
Jared Rhoden,SG,DET,17,1.9,0.8,4.9,2023-2024
Nick Richards,C,CHO,67,8.0,0.8,9.7,2023-2024
Josh Richardson,SG,MIA,43,2.8,2.4,9.9,2023-2024
Duncan Robinson,SF,MIA,68,2.5,2.8,12.9,2023-2024
Jerome Robinson,SG,GSW,22,0.3,0.2,1.4,2023-2024
Mitchell Robinson,C,NYK,31,8.5,0.6,5.6,2023-2024
Orlando Robinson,C,MIA,36,2.3,0.9,2.8,2023-2024
Jeremiah Robinson-Earl,PF,NOP,39,1.9,0.5,2.9,2023-2024
David Roddy,PF,TOT,65,3.2,1.2,6.5,2023-2024
David Roddy,PF,MEM,48,4.2,1.6,8.4,2023-2024
David Roddy,PF,PHO,17,0.6,0.2,1.3,2023-2024
Ryan Rollins,PG,TOT,13,1.0,1.1,3.4,2023-2024
Ryan Rollins,PG,WAS,10,1.1,1.1,4.1,2023-2024
Ryan Rollins,PG,MIL,3,0.7,1.0,1.0,2023-2024
Derrick Rose,PG,MEM,24,1.9,3.3,8.0,2023-2024
Terry Rozier,PG-SG,TOT,61,4.0,5.6,19.8,2023-2024
Terry Rozier,SG,CHO,30,3.9,6.6,23.2,2023-2024
Terry Rozier,PG,MIA,31,4.2,4.6,16.4,2023-2024
Rayan Rupert,SG,POR,39,2.4,1.6,4.0,2023-2024
D'Angelo Russell,PG,LAL,76,3.1,6.3,18.0,2023-2024
Matt Ryan,SF,NOP,28,1.4,0.6,5.4,2023-2024
Domantas Sabonis,C,SAC,82,13.7,8.2,19.4,2023-2024
Luka Šamanić,PF,UTA,43,2.4,0.4,4.1,2023-2024
Jermaine Samuels,SF,HOU,14,0.9,0.2,1.4,2023-2024
Adama Sanogo,PF,CHI,9,4.0,0.0,4.0,2023-2024
Gui Santos,PF,GSW,23,2.1,0.6,3.6,2023-2024
Dario Šarić,C,GSW,64,4.4,2.3,8.0,2023-2024
Olivier Sarr,C,OKC,15,2.4,0.1,2.3,2023-2024
Marcus Sasser,PG,DET,71,1.8,3.3,8.3,2023-2024
Admiral Schofield,PF,ORL,23,0.7,0.3,1.1,2023-2024
Dennis Schröder,PG,TOT,80,3.0,6.1,14.0,2023-2024
Dennis Schröder,PG,TOR,51,2.7,6.1,13.7,2023-2024
Dennis Schröder,PG,BRK,29,3.5,6.0,14.6,2023-2024
Dereon Seabron,SG,NOP,6,1.2,0.8,2.3,2023-2024
Alperen Sengun,C,HOU,63,9.3,5.0,21.1,2023-2024
Brice Sensabaugh,SF,UTA,32,3.2,1.7,7.5,2023-2024
Collin Sexton,SG,UTA,78,2.6,4.9,18.7,2023-2024
Landry Shamet,SG,WAS,46,1.3,1.2,7.1,2023-2024
Day'Ron Sharpe,C,BRK,61,6.4,1.4,6.8,2023-2024
Shaedon Sharpe,SG,POR,32,5.0,2.9,15.9,2023-2024
Ben Sheppard,SG,IND,57,1.6,0.9,4.4,2023-2024
Pascal Siakam,PF,TOT,80,7.1,4.3,21.7,2023-2024
Pascal Siakam,PF,TOR,39,6.3,4.9,22.2,2023-2024
Pascal Siakam,PF,IND,41,7.8,3.7,21.3,2023-2024
Ben Simmons,PG,BRK,15,7.9,5.7,6.1,2023-2024
Kobi Simmons,PG,TOR,4,1.8,3.0,5.0,2023-2024
Anfernee Simons,SG,POR,46,3.6,5.5,22.6,2023-2024
Zavier Simpson,PG,MEM,7,2.9,3.6,6.0,2023-2024
Jericho Sims,C,NYK,45,3.3,0.6,2.0,2023-2024
Dmytro Skapintsev,C,NYK,2,0.0,0.0,0.0,2023-2024
Jalen Slawson,SF,SAC,12,0.6,0.2,0.7,2023-2024
Javonte Smart,PG,PHI,1,0.0,0.0,0.0,2023-2024
Marcus Smart,PG,MEM,20,2.7,4.3,14.5,2023-2024
Dennis Smith Jr.,PG,BRK,56,2.9,3.6,6.6,2023-2024
Dru Smith,SG,MIA,9,1.6,1.6,4.3,2023-2024
Ish Smith,PG,CHO,43,1.8,3.4,3.2,2023-2024
Jabari Smith Jr.,PF,HOU,76,8.1,1.6,13.7,2023-2024
Jalen Smith,C,IND,61,5.5,1.0,9.9,2023-2024
Nick Smith Jr.,SG,CHO,51,1.4,1.2,5.9,2023-2024
Terquavion Smith,PG,PHI,16,0.3,0.8,3.3,2023-2024
Jeremy Sochan,PF,SAS,74,6.4,3.4,11.6,2023-2024
Pat Spencer,PG,GSW,6,0.7,0.8,0.7,2023-2024
Jaden Springer,SG-PG,TOT,49,1.6,0.9,3.3,2023-2024
Jaden Springer,SG,PHI,32,1.8,1.1,4.0,2023-2024
Jaden Springer,PG,BOS,17,1.2,0.5,2.1,2023-2024
Lamar Stevens,PF,TOT,38,3.3,0.7,7.2,2023-2024
Lamar Stevens,PF,BOS,19,1.6,0.4,2.8,2023-2024
Lamar Stevens,PF,MEM,19,5.1,1.1,11.5,2023-2024
Isaiah Stewart,PF,DET,46,6.6,1.6,10.9,2023-2024
Julian Strawther,SF,DEN,50,1.2,0.9,4.5,2023-2024
Max Strus,SF,CLE,70,4.8,4.0,12.2,2023-2024
Jalen Suggs,SG,ORL,75,3.1,2.7,12.6,2023-2024
Cole Swider,SF,MIA,18,0.4,0.3,2.3,2023-2024
Jae'Sean Tate,SF,HOU,65,3.0,1.0,4.1,2023-2024
Jayson Tatum,PF,BOS,74,8.1,4.9,26.9,2023-2024
Terry Taylor,PF,CHI,31,1.2,0.3,1.5,2023-2024
Garrett Temple,SG,TOR,27,1.7,1.0,3.3,2023-2024
Dalen Terry,SG,CHI,59,1.9,1.4,3.1,2023-2024
Daniel Theis,C,TOT,60,4.1,1.0,6.3,2023-2024
Daniel Theis,C,IND,1,0.0,0.0,2.0,2023-2024
Daniel Theis,C,LAC,59,4.1,1.0,6.3,2023-2024
Cam Thomas,SG,BRK,66,3.2,2.9,22.5,2023-2024
Isaiah Thomas,PG,PHO,6,0.0,0.5,1.3,2023-2024
Amen Thompson,SF,HOU,62,6.6,2.6,9.5,2023-2024
Ausar Thompson,SF,DET,63,6.4,1.9,8.8,2023-2024
Klay Thompson,SF,GSW,77,3.3,2.3,17.9,2023-2024
Tristan Thompson,C,CLE,49,3.6,1.0,3.3,2023-2024
JT Thor,PF,CHO,63,2.3,0.5,3.2,2023-2024
Matisse Thybulle,SF,POR,65,2.1,1.4,5.4,2023-2024
Xavier Tillman Sr.,C-PF,TOT,54,3.9,1.4,5.3,2023-2024
Xavier Tillman Sr.,C,MEM,34,4.6,1.7,6.0,2023-2024
Xavier Tillman Sr.,PF,BOS,20,2.7,1.0,4.0,2023-2024
Jacob Toppin,SF,NYK,9,0.8,0.3,1.4,2023-2024
Obi Toppin,PF,IND,82,3.9,1.6,10.3,2023-2024
Juan Toscano-Anderson,SF,SAC,11,1.3,0.4,0.6,2023-2024
Karl-Anthony Towns,PF,MIN,62,8.3,3.0,21.8,2023-2024
Gary Trent Jr.,SG,TOR,71,2.6,1.7,13.7,2023-2024
Oscar Tshiebwe,PF,IND,8,2.0,0.3,3.3,2023-2024
P.J. Tucker,PF,TOT,31,2.7,0.5,1.7,2023-2024
P.J. Tucker,PF,PHI,3,4.7,0.0,2.0,2023-2024
P.J. Tucker,PF,LAC,28,2.5,0.6,1.6,2023-2024
Myles Turner,C,IND,77,6.9,1.3,17.1,2023-2024
Hunter Tyson,PF,DEN,18,0.5,0.1,1.1,2023-2024
Stanley Umude,SG,DET,24,2.1,0.5,5.3,2023-2024
Jonas Valančiūnas,C,NOP,82,8.8,2.1,12.2,2023-2024
Jarred Vanderbilt,PF,LAL,29,4.8,1.2,5.2,2023-2024
Fred VanVleet,PG,HOU,73,3.8,8.1,17.4,2023-2024
Devin Vassell,SG,SAS,68,3.8,4.1,19.5,2023-2024
Sasha Vezenkov,PF,SAC,42,2.3,0.5,5.4,2023-2024
Gabe Vincent,PG,LAL,11,0.8,1.9,3.1,2023-2024
Nikola Vučević,C,CHI,76,10.5,3.3,18.0,2023-2024
Tristan Vukcevic,C,WAS,10,3.6,1.3,8.5,2023-2024
Dean Wade,PF,CLE,54,4.0,0.8,5.4,2023-2024
Franz Wagner,SF,ORL,72,5.3,3.7,19.7,2023-2024
Moritz Wagner,C,ORL,80,4.3,1.2,10.9,2023-2024
Ish Wainright,SF,TOT,11,1.3,0.1,2.1,2023-2024
Ish Wainright,SF,POR,7,1.3,0.0,2.9,2023-2024
Ish Wainright,SF,PHO,4,1.3,0.3,0.8,2023-2024
Jabari Walker,SF,POR,72,7.1,1.0,8.9,2023-2024
Jarace Walker,PF,IND,33,1.9,1.2,3.6,2023-2024
Lonnie Walker IV,SG,BRK,58,2.2,1.3,9.7,2023-2024
Cason Wallace,SG,OKC,82,2.3,1.5,6.8,2023-2024
Jordan Walsh,SF,BOS,9,2.2,0.6,1.7,2023-2024
T.J. Warren,SF,MIN,11,2.0,0.8,3.7,2023-2024
P.J. Washington,PF,TOT,73,5.6,1.9,12.9,2023-2024
P.J. Washington,PF,CHO,44,5.3,2.2,13.6,2023-2024
P.J. Washington,PF,DAL,29,6.2,1.5,11.7,2023-2024
TyTy Washington Jr.,PG,MIL,11,0.5,0.5,1.3,2023-2024
Yuta Watanabe,SF,TOT,34,1.6,0.4,3.4,2023-2024
Yuta Watanabe,SF,PHO,29,1.6,0.3,3.6,2023-2024
Yuta Watanabe,SF,MEM,5,1.8,1.0,2.6,2023-2024
Lindy Waters III,SG,OKC,38,1.1,0.6,3.6,2023-2024
Trendon Watford,PF,BRK,63,3.1,1.3,6.9,2023-2024
Peyton Watson,SF,DEN,80,3.2,1.1,6.7,2023-2024
Victor Wembanyama,C,SAS,71,10.6,3.9,21.4,2023-2024
Blake Wesley,SG,SAS,61,1.5,2.7,4.4,2023-2024
Russell Westbrook,PG,LAC,68,5.0,4.5,11.1,2023-2024
Coby White,PG,CHI,79,4.5,5.1,19.1,2023-2024
Derrick White,SG,BOS,73,4.2,5.2,15.2,2023-2024
Jack White,SF,MEM,4,3.0,0.3,1.5,2023-2024
Cam Whitmore,SF,HOU,47,3.8,0.7,12.3,2023-2024
Aaron Wiggins,SG,OKC,78,2.4,1.1,6.9,2023-2024
Andrew Wiggins,SF,GSW,71,4.5,1.7,13.2,2023-2024
Lindell Wigginton,PG,MIL,3,0.0,0.0,2.0,2023-2024
Alondes Williams,SG,MIA,7,0.1,0.0,0.7,2023-2024
Brandon Williams,PG,DAL,17,0.8,1.0,3.2,2023-2024
Grant Williams,PF,TOT,76,4.2,2.3,10.3,2023-2024
Grant Williams,PF,DAL,47,3.6,1.7,8.1,2023-2024
Grant Williams,PF,CHO,29,5.1,3.2,13.9,2023-2024
Jalen Williams,PF,OKC,71,4.0,4.5,19.1,2023-2024
Jaylin Williams,C,OKC,69,3.4,1.6,4.0,2023-2024
Jeenathan Williams,SG,HOU,22,1.0,0.3,2.9,2023-2024
Kenrich Williams,PF,OKC,69,3.0,1.3,4.7,2023-2024
Malik Williams,C,TOR,7,5.4,0.3,2.7,2023-2024
Mark Williams,C,CHO,19,9.7,1.2,12.7,2023-2024
Patrick Williams,PF,CHI,43,3.9,1.5,10.0,2023-2024
Robert Williams,C,POR,6,6.3,0.8,6.8,2023-2024
Vince Williams Jr.,SG,MEM,52,5.6,3.4,10.0,2023-2024
Ziaire Williams,SF,MEM,51,3.5,1.5,8.2,2023-2024
Zion Williamson,PF,NOP,70,5.8,5.0,22.9,2023-2024
D.J. Wilson,PF,PHI,2,1.0,1.0,5.0,2023-2024
Jalen Wilson,PF,BRK,43,3.0,1.0,5.0,2023-2024
Dylan Windler,SF,TOT,17,0.9,0.6,2.5,2023-2024
Dylan Windler,SF,NYK,3,0.3,0.3,1.0,2023-2024
Dylan Windler,SF,LAL,8,0.4,0.8,1.5,2023-2024
Dylan Windler,SF,ATL,6,2.0,0.5,4.7,2023-2024
James Wiseman,C,DET,63,5.3,0.9,7.1,2023-2024
Isaiah Wong,SG,IND,1,0.0,0.0,2.0,2023-2024
Christian Wood,PF,LAL,50,5.1,1.0,6.9,2023-2024
Delon Wright,PG,TOT,47,1.8,2.5,4.5,2023-2024
Delon Wright,PG,WAS,33,1.8,2.5,4.1,2023-2024
Delon Wright,PG,MIA,14,1.9,2.6,5.4,2023-2024
Thaddeus Young,PF,TOT,33,3.1,1.7,4.2,2023-2024
Thaddeus Young,PF,TOR,23,3.3,2.2,5.0,2023-2024
Thaddeus Young,PF,PHO,10,2.8,0.7,2.3,2023-2024
Trae Young,PG,ATL,54,2.8,10.8,25.7,2023-2024
Omer Yurtseven,C,UTA,48,4.3,0.6,4.6,2023-2024
Cody Zeller,C,NOP,43,2.6,0.9,1.8,2023-2024
Ivica Zubac,C,LAC,68,9.2,1.4,11.7,2023-2024
